"title","author","isbn","topic","format","location","year","total_copies"
"Grokking Algorithms","Aditya Bhargava","9781617292231","Algorithms","book","CS-104","2016","4"
"Algorithms","Robert Sedgewick","9780321573513","Algorithms","book","CS-105","2011","5"
"Introduction to Design and Analysis of Algorithms","Anany Levitin","9780132316811","Algorithms","book","CS-106","2011","3"
"Data Structures and Algorithms in Java","Robert Lafore","9780672324536","Algorithms","book","CS-107","2002","2"
"Algorithms Unlocked","Thomas H. Cormen","9780262518802","Algorithms","book","CS-108","2013","4"
"Competitive Programming 4 (Vol 1)","Steven Halim","9789811442483","Algorithms","book","CS-109","2020","3"
"Purely Functional Data Structures","Chris Okasaki","9780521663502","Algorithms","book","CS-110","1998","2"
"The Art of Computer Programming, Vol 1","Donald E. Knuth","9780201896831","Algorithms","book","CS-111","1997","3"
"The Art of Computer Programming, Vol 2","Donald E. Knuth","9780201896848","Algorithms","book","CS-112","1997","2"
"The Art of Computer Programming, Vol 3","Donald E. Knuth","9780201896855","Algorithms","book","CS-113","1998","2"
"Data Structures and Algorithm Analysis in C++","Mark Allen Weiss","9780132847377","Algorithms","book","CS-114","2013","4"
"Dynamic Programming for Coding Interviews","Meenakshi Gopalakrishnan","9781946596147","Algorithms","book","CS-115","2017","3"
"Network Flows: Theory, Algorithms, and Applications","Ravindra K. Ahuja","9780136175490","Algorithms","book","CS-116","1993","2"
"Algorithms in C++ (Parts 1-4)","Robert Sedgewick","9780201350883","Algorithms","book","CS-117","1998","3"
"Problem Solving with Algorithms and Data Structures Using Python","Bradley N. Miller","9781590282571","Algorithms","book","CS-118","2011","5"
"Human Compatible: AI and the Problem of Control","Stuart Russell","9780525558613","Artificial Intelligence","book","AI-204","2019","4"
"AI Superpowers: China, Silicon Valley, and the New World Order","Kai-Fu Lee","9781328546395","Artificial Intelligence","book","AI-205","2018","5"
"Architects of Intelligence","Martin Ford","9781789131512","Artificial Intelligence","book","AI-206","2018","3"
"Gödel, Escher, Bach: An Eternal Golden Braid","Douglas R. Hofstadter","9780465026562","Artificial Intelligence","book","AI-207","1979","4"
"The Master Algorithm","Pedro Domingos","9780465065707","Artificial Intelligence","book","AI-208","2015","4"
"Paradigms of Artificial Intelligence Programming","Peter Norvig","9781558601918","Artificial Intelligence","book","AI-209","1992","2"
"Artificial Intelligence: A Guide for Thinking Humans","Melanie Mitchell","9780374253837","Artificial Intelligence","book","AI-210","2019","4"
"The Alignment Problem","Brian Christian","9780393635829","Artificial Intelligence","book","AI-211","2020","5"
"Reinforcement Learning: An Introduction","Richard S. Sutton","9780262039246","Artificial Intelligence","book","AI-212","2018","4"
"Deep Learning Illustrated","Jon Krohn","9780135116692","Artificial Intelligence","book","AI-213","2019","3"
"Generative Deep Learning","David Foster","9781492041948","Artificial Intelligence","book","AI-214","2019","4"
"Introduction to Artificial Intelligence","Philip C. Jackson","9780486248677","Artificial Intelligence","book","AI-215","1985","2"
"Machine Learning Yearning","Andrew Ng","9780578194486","Artificial Intelligence","book","AI-216","2018","6"
"GenAI on AWS: Building Apps with LLMs","Chris Fregly","9781098145637","Artificial Intelligence","book","AI-217","2024","3"
"Fuzzy Thinking: The New Science of Fuzzy Logic","Bart Kosko","9780786880218","Artificial Intelligence","book","AI-218","1993","2"
"Data Science from Scratch","Joel Grus","9781492041139","Data Science","book","DS-304","2019","5"
"The Elements of Statistical Learning","Trevor Hastie","9780387848570","Data Science","book","DS-305","2009","3"
"Storytelling with Data","Cole Nussbaumer Knaflic","9781119002253","Data Science","book","DS-306","2015","6"
"Practical Statistics for Data Scientists","Peter Bruce","9781492072942","Data Science","book","DS-307","2020","4"
"Data Science for Business","Foster Provost","9781449361327","Data Science","book","DS-308","2013","5"
"Designing Data-Intensive Applications","Martin Kleppmann","9781449373320","Data Science","book","DS-309","2017","7"
"Naked Statistics","Charles Wheelan","9780393347777","Data Science","book","DS-310","2013","4"
"R for Data Science","Hadley Wickham","9781491910399","Data Science","book","DS-311","2016","5"
"Think Stats: Exploratory Data Analysis","Allen B. Downey","9781449307110","Data Science","book","DS-312","2014","3"
"Doing Data Science","Cathy O'Neil","9781449358655","Data Science","book","DS-313","2013","2"
"Introduction to Probability","Joseph K. Blitzstein","9781466575578","Data Science","book","DS-314","2014","4"
"Python Data Science Handbook","Jake VanderPlas","9781491912058","Data Science","book","DS-315","2016","6"
"Data Visualisation: A Handbook for Data Driven Design","Andy Kirk","9781526468925","Data Science","book","DS-316","2019","3"
"Big Data: A Revolution That Will Transform How We Live","Viktor Mayer-Schönberger","9780544227750","Data Science","book","DS-317","2013","4"
"Advanced R","Hadley Wickham","9781466586963","Data Science","book","DS-318","2014","2"
"Design Patterns: Elements of Reusable Object-Oriented Software","Erich Gamma","9780201633610","General","book","GEN-04","1994","5"
"Refactoring: Improving the Design of Existing Code","Martin Fowler","9780134757599","General","book","GEN-05","2018","4"
"Code Complete","Steve McConnell","9780735619678","General","book","GEN-06","2004","6"
"Structure and Interpretation of Computer Programs","Harold Abelson","9780262510875","General","book","GEN-07","1996","3"
"Code: The Hidden Language of Computer Hardware and Software","Charles Petzold","9780735611313","General","book","GEN-08","2000","5"
"Head First Design Patterns","Eric Freeman","9780596007126","General","book","GEN-09","2004","4"
"Soft Skills: The software developer's life manual","John Sonmez","9781617292392","General","book","GEN-10","2014","3"
"The Clean Coder","Robert C. Martin","9780137081073","General","book","GEN-11","2011","5"
"Cracking the Coding Interview","Gayle Laakmann McDowell","9780984782857","General","book","GEN-12","2015","8"
"Working Effectively with Legacy Code","Michael Feathers","9780131177055","General","book","GEN-13","2004","3"
"Continuous Delivery","Jez Humble","9780321601919","General","book","GEN-14","2010","4"
"Domain-Driven Design","Eric Evans","9780321125217","General","book","GEN-15","2003","3"
"Test Driven Development: By Example","Kent Beck","9780321146533","General","book","GEN-16","2002","4"
"The Phoenix Project","Gene Kim","9780988262591","General","book","GEN-17","2013","5"
"Patterns of Enterprise Application Architecture","Martin Fowler","9780321127426","General","book","GEN-18","2002","2"
"Pattern Recognition and Machine Learning","Christopher M. Bishop","9780387310732","Machine Learning","book","ML-404","2006","3"
"Introduction to Machine Learning with Python","Andreas C. Müller","9781449369415","Machine Learning","book","ML-405","2016","5"
"Machine Learning: A Probabilistic Perspective","Kevin P. Murphy","9780262017091","Machine Learning","book","ML-406","2012","2"
"Approaching (Almost) Any Machine Learning Problem","Abhishek Thakur","9788269211507","Machine Learning","book","ML-407","2020","4"
"Machine Learning Engineering","Andriy Burkov","9781999579579","Machine Learning","book","ML-408","2020","4"
"The Hundred-Page Machine Learning Book","Andriy Burkov","9781999579500","Machine Learning","book","ML-409","2019","6"
"Deep Learning with Python","François Chollet","9781617294433","Machine Learning","book","ML-410","2017","5"
"Mathematics for Machine Learning","Marc Peter Deisenroth","9781108455145","Machine Learning","book","ML-411","2020","6"
"Foundations of Machine Learning","Mehryar Mohri","9780262039406","Machine Learning","book","ML-412","2018","2"
"Understanding Machine Learning: From Theory to Algorithms","Shai Shalev-Shwartz","9781107057135","Machine Learning","book","ML-413","2014","3"
"Applied Predictive Modeling","Max Kuhn","9781461468486","Machine Learning","book","ML-414","2013","3"
"Feature Engineering for Machine Learning","Alice Zheng","9781491953242","Machine Learning","book","ML-415","2018","4"
"Machine Learning Design Patterns","Valliappa Lakshmanan","9781098115784","Machine Learning","book","ML-416","2020","4"
"Neural Networks and Deep Learning","Michael Nielsen","9781492032649","Machine Learning","book","ML-417","2015","3"
"Speech and Language Processing","Daniel Jurafsky","9780131873216","Machine Learning","book","ML-418","2008","2"
"Operating Systems: Design and Implementation","Andrew S. Tanenbaum","9780131429383","Operating Systems","book","OS-504","2006","3"
"Linux Kernel Development","Robert Love","9780672329463","Operating Systems","book","OS-505","2010","4"
"Advanced Programming in the UNIX Environment","W. Richard Stevens","9780321637734","Operating Systems","book","OS-506","2013","3"
"Unix Network Programming","W. Richard Stevens","9780131411555","Operating Systems","book","OS-507","2003","2"
"Windows Internals","Mark E. Russinovich","9780735684188","Operating Systems","book","OS-508","2012","2"
"The Design of the UNIX Operating System","Maurice J. Bach","9780132017992","Operating Systems","book","OS-509","1986","2"
"Operating Systems: A Concept-Based Approach","D.M. Dhamdhere","9780070611948","Operating Systems","book","OS-510","2006","3"
"Understanding the Linux Kernel","Daniel P. Bovet","9780596005658","Operating Systems","book","OS-511","2005","4"
"Linux Device Drivers","Jonathan Corbet","9780596005900","Operating Systems","book","OS-512","2005","2"
"The Linux Programming Interface","Michael Kerrisk","9781593272203","Operating Systems","book","OS-513","2010","5"
"Operating System Concepts Essentials","Abraham Silberschatz","9781118804926","Operating Systems","book","OS-514","2013","4"
"Distributed Systems: Principles and Paradigms","Andrew S. Tanenbaum","9780132392273","Operating Systems","book","OS-515","2007","3"
"Real-Time Systems","Jane W. S. Liu","9780130996510","Operating Systems","book","OS-516","2000","2"
"Operating Systems: Internals and Design Principles","William Stallings","9780133805918","Operating Systems","book","OS-517","2014","4"
"Systems Performance: Enterprise and the Cloud","Brendan Gregg","9780133390094","Operating Systems","book","OS-518","2013","3"
"Computational Complexity: A Modern Approach","Sanjeev Arora","9780521424264","Theory of Computation","book","TH-603","2009","3"
"Introduction to Automata Theory, Languages, and Computation","John E. Hopcroft","9780321455369","Theory of Computation","book","TH-604","2006","4"
"Elements of the Theory of Computation","Harry R. Lewis","9780132624787","Theory of Computation","book","TH-605","1997","3"
"Automata and Computability","Dexter C. Kozen","9780387949079","Theory of Computation","book","TH-606","1997","2"
"Quantum Computation and Quantum Information","Michael A. Nielsen","9781107002173","Theory of Computation","book","TH-607","2010","4"
"The Nature of Computation","Cristopher Moore","9780199233212","Theory of Computation","book","TH-608","2011","3"
"Introduction to Formal Languages and Automata","Peter Linz","9781284077247","Theory of Computation","book","TH-609","2016","3"
"Languages and Machines","Thomas A. Sudkamp","9780321322210","Theory of Computation","book","TH-610","2005","2"
"Logic in Computer Science","Michael Huth","9780521543101","Theory of Computation","book","TH-611","2004","2"
"Computability and Logic","George S. Boolos","9780521701464","Theory of Computation","book","TH-612","2007","3"
